年份,月份,區域別總計,新北市,臺北市,桃園市,臺中市,臺南市,高雄市,宜蘭縣,新竹縣,苗栗縣,彰化縣,南投縣,雲林縣,嘉義縣,屏東縣,臺東縣,花蓮縣,澎湖縣,基隆市,新竹市,嘉義市,金門縣,連江縣
83,1,9962,1172,983,600,882,913,1160,270,211,331,696,342,471,344,526,191,285,53,194,177,134,24,3
83,2,9458,1051,905,617,812,901,1099,280,186,321,618,311,499,361,488,205,272,68,180,160,100,22,2
83,3,10933,1283,1147,725,999,998,1173,282,257,327,710,354,529,382,567,252,292,78,211,172,155,38,2
83,4,10068,1134,1056,603,861,906,1155,257,209,343,661,327,506,405,603,203,280,71,152,172,124,39,1
83,5,9499,1078,974,626,868,834,1178,256,210,253,601,300,496,308,532,214,231,70,181,145,110,33,1
83,6,8761,1038,859,560,786,799,1001,263,184,274,580,288,409,309,493,192,236,58,157,141,103,30,1
83,7,8948,1023,858,545,808,834,1087,234,162,272,546,292,451,325,526,205,263,61,190,123,107,34,2
83,8,9326,1068,934,570,832,905,1080,249,179,307,591,315,438,353,546,184,235,66,195,116,140,20,3
83,9,8876,1026,835,569,744,860,1044,234,166,252,591,286,460,350,562,166,258,53,152,131,106,27,4
83,10,8768,991,841,526,794,842,1014,243,201,251,537,299,437,375,516,193,236,50,156,125,113,25,3
83,11,9809,1170,909,587,885,942,1143,267,218,305,605,325,487,336,553,232,289,67,184,148,120,34,3
83,12,9458,1100,944,519,859,904,1132,247,182,300,593,333,476,335,540,197,281,56,175,143,113,26,3
84,1,10253,1121,959,635,891,957,1139,260,222,330,694,371,498,369,605,221,352,72,198,161,167,28,3
84,2,11816,1377,1128,739,1082,1140,1381,301,257,348,796,381,595,429,621,232,352,60,192,207,160,35,3
84,3,11095,1233,1101,724,1023,1023,1218,300,255,374,741,382,542,395,613,235,286,69,215,191,142,32,1
84,4,10071,1117,1070,662,939,913,1109,264,216,329,627,299,514,362,547,185,272,89,226,170,134,26,1
84,5,9923,1131,1043,650,894,938,1129,269,227,317,641,294,508,325,528,196,270,62,183,149,138,28,3
84,6,9345,1119,934,584,840,934,1039,228,185,286,604,287,420,355,522,207,260,49,190,150,123,28,1
84,7,9323,1041,925,581,830,862,1139,236,207,281,592,295,448,353,512,214,243,65,180,164,128,25,2
84,8,9068,1075,875,599,786,879,1110,230,187,261,574,288,424,296,514,215,253,56,141,141,118,42,4
84,9,9110,1078,908,532,803,892,1060,250,203,268,601,291,443,302,545,209,238,63,155,125,114,26,4
84,10,8859,1025,920,535,780,824,1074,235,202,263,599,291,406,329,526,175,262,50,135,112,95,19,2
84,11,10073,1220,962,607,876,925,1195,265,229,327,665,328,491,351,581,217,251,59,199,155,135,30,5
84,12,10176,1150,984,640,916,970,1156,271,228,345,679,344,523,364,588,186,299,63,169,139,135,23,4
85,1,11448,1297,1098,698,1044,1123,1341,300,242,378,755,377,582,434,639,231,295,79,194,166,145,27,3
85,2,9644,1092,939,559,882,865,1173,238,210,300,619,345,484,375,573,209,280,61,162,149,99,21,9
85,3,10861,1240,1088,674,996,1001,1198,262,238,380,737,371,549,376,596,211,286,62,228,191,145,31,1
85,4,11200,1328,1150,740,997,999,1315,325,226,355,782,354,564,364,573,233,297,71,188,163,141,29,6
85,5,10486,1223,1129,675,963,993,1173,273,232,297,675,335,461,362,614,225,286,63,172,181,129,23,2
85,6,9453,1107,938,552,827,871,1169,251,199,263,633,325,470,329,555,207,240,67,176,149,101,22,2
85,7,10696,1167,1089,615,950,1049,1274,251,238,349,636,370,549,395,659,248,290,60,190,147,139,29,2
85,8,10075,1188,1004,626,860,994,1234,255,214,306,656,346,453,341,550,235,252,63,178,176,117,24,3
85,9,8897,1022,851,530,821,873,1040,205,189,283,601,288,430,354,545,189,223,57,126,140,102,28,0
85,10,9649,1146,958,624,926,872,1088,247,196,289,614,300,454,359,536,204,261,62,174,183,122,30,4
85,11,9614,1147,946,596,837,865,1186,250,193,304,660,309,451,338,518,194,272,60,180,160,130,15,3
85,12,10466,1228,1031,644,937,968,1211,258,232,336,718,330,533,401,561,207,297,72,174,158,147,20,3
86,1,10916,1232,1085,696,1017,1048,1239,293,247,367,740,371,527,416,578,205,286,82,172,160,120,34,1
86,2,9879,1086,953,619,909,945,1192,284,217,333,654,343,459,363,553,176,265,58,186,153,98,31,2
86,3,11260,1251,1151,756,1074,1063,1282,258,234,303,808,346,558,385,600,212,311,75,220,201,131,37,4
86,4,10214,1215,1035,655,883,952,1173,282,236,341,664,324,485,376,591,201,263,58,185,158,97,38,2
86,5,9791,1174,972,622,858,933,1169,229,199,293,643,333,472,331,550,227,242,54,164,172,121,31,2
86,6,9138,1053,959,570,863,888,1021,238,197,283,595,269,442,317,522,199,240,41,161,139,112,26,3
86,7,10226,1171,1012,664,953,914,1211,266,233,298,692,344,534,373,526,191,253,68,198,160,129,31,5
86,8,9533,1050,1025,595,877,875,1083,233,222,324,638,310,456,357,556,177,260,59,151,142,113,26,4
86,9,10034,1215,1102,670,923,911,1180,252,209,277,643,309,425,353,523,216,280,52,190,141,128,33,2
86,10,9916,1148,1016,671,927,882,1182,233,225,314,655,298,480,381,559,183,262,49,176,143,114,17,1
86,11,9432,1151,1002,576,856,882,1132,262,205,271,606,289,414,328,502,178,270,62,161,141,112,29,3
86,12,10661,1271,1047,650,990,1013,1209,282,219,358,704,352,509,403,608,217,266,73,199,148,115,24,4
87,1,8737,1096,923,562,750,764,953,222,203,291,560,302,430,331,472,162,207,57,159,152,116,21,4
87,2,14631,1632,1388,960,1443,1362,1632,372,331,506,973,507,699,557,821,278,385,82,250,233,173,47,0
87,3,12169,1486,1240,760,1114,1075,1399,287,255,381,827,395,559,446,663,242,328,72,240,214,137,45,4
87,4,10381,1261,997,627,998,974,1235,239,239,330,672,340,518,365,578,193,261,71,183,158,108,32,2
87,5,9285,1093,914,572,847,880,1141,253,214,282,573,283,440,332,510,202,240,54,160,157,113,23,2
87,6,9779,1137,983,611,898,942,1129,270,210,277,671,303,475,340,562,200,224,59,187,154,119,26,2
87,7,10211,1210,1070,607,915,950,1186,256,189,340,678,333,475,387,582,203,272,65,191,137,137,26,2
87,8,9608,1073,961,556,870,879,1217,255,210,300,648,321,424,323,564,204,266,62,185,145,122,21,2
87,9,9124,1040,930,574,861,856,1035,220,203,289,558,284,437,328,526,210,246,56,171,141,128,30,1
87,10,9547,1049,965,626,826,889,1175,269,211,298,640,287,441,364,558,201,225,66,175,150,100,30,2
87,11,9401,1121,974,576,878,807,1125,229,198,291,605,304,472,357,530,180,252,50,168,132,130,20,2
87,12,10307,1244,1029,659,907,1011,1244,244,213,321,638,298,471,376,566,204,285,77,203,160,127,28,2
88,1,10699,1228,1079,683,968,986,1320,307,228,307,705,374,536,338,567,188,264,66,215,156,150,31,3
88,2,9685,1119,972,603,835,913,1191,239,205,324,618,343,438,355,558,189,228,57,173,170,124,27,4
88,3,12730,1480,1269,801,1166,1151,1460,336,322,368,815,401,644,441,690,255,351,92,285,214,158,27,4
88,4,10969,1290,1169,729,961,989,1221,282,269,322,719,345,517,380,588,223,301,68,224,196,134,38,4
88,5,9943,1160,965,633,921,934,1232,244,205,315,677,315,499,334,538,172,258,60,195,145,115,24,2
88,6,9574,1171,1014,616,876,891,1118,244,208,305,607,325,426,342,499,168,219,59,183,144,124,32,3
88,7,10008,1194,1002,644,870,920,1269,243,199,292,662,297,467,358,609,196,258,60,178,150,111,27,2
88,8,9986,1127,1017,580,875,946,1278,246,216,300,611,318,531,348,592,177,267,64,184,157,117,33,2
88,9,10462,1110,926,566,1494,926,1230,234,212,282,614,486,511,358,592,190,245,51,157,138,100,35,5
88,10,10990,1222,1076,612,1389,872,1171,230,207,289,696,824,523,344,557,179,231,72,159,165,133,34,5
88,11,10118,1175,1053,652,947,910,1129,260,206,305,685,357,546,370,548,205,230,57,180,152,116,29,6
88,12,10949,1333,1127,686,1000,1052,1271,297,224,346,732,343,542,355,611,181,252,53,195,181,136,28,4
89,1,11478,1362,1175,763,1027,1063,1379,278,270,336,781,366,550,400,609,185,278,67,196,205,141,44,3
89,2,10636,1180,1022,641,985,1044,1250,276,220,344,783,354,551,385,604,171,231,78,186,185,119,24,3
89,3,12521,1522,1312,850,1145,1088,1472,302,288,422,845,400,630,475,598,210,278,61,217,207,162,31,6
89,4,10424,1213,1049,700,970,917,1176,254,242,365,709,314,511,377,542,213,245,76,220,186,123,18,4
89,5,11054,1347,1098,739,1027,998,1292,286,264,343,734,303,508,412,573,215,270,79,211,195,127,32,1
89,6,10040,1230,1039,661,931,891,1212,257,211,295,661,309,460,366,545,169,251,55,177,166,115,33,6
89,7,10031,1202,1080,685,904,895,1201,239,200,332,618,300,507,387,519,179,254,60,157,174,103,33,2
89,8,9729,1185,1005,647,852,929,1215,274,201,291,580,315,446,326,513,179,233,60,167,164,118,25,4
89,9,9706,1174,996,617,843,887,1216,231,175,269,652,320,477,351,536,189,248,48,192,139,119,26,1
89,10,10004,1253,1077,651,909,849,1169,246,227,324,659,320,432,365,541,162,226,53,208,157,144,28,4
89,11,10130,1211,1056,649,933,930,1190,267,214,330,672,316,458,334,580,174,228,65,213,156,124,27,3
89,12,10205,1186,1080,638,982,949,1187,271,206,345,639,318,507,378,543,177,254,45,198,146,126,30,0
90,1,10753,1256,1090,673,954,986,1354,245,230,342,714,348,521,416,596,192,278,65,183,155,129,23,3
90,2,11219,1365,1202,780,1035,1005,1295,278,260,345,716,332,559,432,582,207,249,59,210,163,121,23,1
90,3,11764,1382,1204,763,1058,1021,1449,290,282,370,811,349,583,412,631,208,286,69,213,211,141,27,4
90,4,10727,1290,1070,753,976,967,1273,237,266,369,637,352,496,358,589,187,289,56,221,179,132,28,2
90,5,10882,1251,1126,738,990,1011,1285,259,237,342,729,334,508,394,595,185,282,60,213,192,118,29,4
90,6,9727,1127,1041,604,874,900,1151,258,228,289,672,323,443,320,545,191,237,51,176,164,105,24,4
90,7,10274,1152,1034,646,949,938,1307,220,228,292,667,279,504,408,596,212,270,59,189,165,130,24,5
90,8,10720,1266,1185,648,984,959,1297,267,230,316,651,399,504,386,560,176,301,72,216,145,131,26,1
90,9,8764,1028,907,586,794,823,1110,238,215,268,546,266,376,295,449,159,215,55,162,131,114,23,4
90,10,11339,1340,1234,732,1016,1006,1355,333,263,334,741,345,520,397,631,220,253,79,194,169,137,34,6
90,11,10705,1310,1114,689,926,1032,1317,265,216,308,678,310,529,400,549,191,262,61,215,168,132,28,5
90,12,10773,1302,1130,681,940,994,1299,269,234,319,699,338,501,387,622,190,277,72,192,150,131,38,8
91,1,12252,1428,1220,810,1144,1060,1478,326,290,391,771,373,586,444,689,228,306,50,269,197,158,29,5
91,2,10264,1216,1038,699,916,1000,1227,255,213,310,638,300,512,364,541,206,267,57,189,153,132,28,3
91,3,11413,1396,1225,805,1048,1003,1300,278,264,345,716,371,496,397,601,201,278,67,226,207,143,41,5
91,4,10713,1308,1134,711,999,959,1282,267,256,356,680,315,513,375,553,175,251,63,206,163,120,26,1
91,5,10566,1227,1125,705,992,964,1305,263,233,309,664,328,489,389,557,201,251,56,213,159,101,31,4
91,6,9775,1295,1023,587,869,904,1190,253,221,315,573,296,447,326,532,180,229,63,186,144,113,28,1
91,7,11551,1365,1219,780,1002,1082,1420,313,220,346,752,372,527,393,665,208,276,70,221,151,122,38,9
91,8,10613,1256,1115,692,985,960,1357,281,206,333,640,307,478,401,597,207,248,50,187,161,112,37,3
91,9,9915,1150,1023,652,908,930,1302,253,194,280,593,349,433,346,548,179,225,73,185,150,114,25,3
91,10,10676,1214,1170,643,989,953,1369,266,225,317,725,340,509,383,592,175,239,64,191,158,119,30,5
91,11,9868,1192,1081,648,851,904,1206,258,210,314,632,299,484,323,505,193,239,67,204,124,104,27,3
91,12,11030,1302,1149,750,992,1061,1385,270,211,339,695,355,510,375,570,199,265,71,199,166,134,28,4
92,1,11264,1335,1172,740,1033,1126,1405,246,222,362,733,351,478,382,609,202,261,55,206,180,134,29,3
92,2,11369,1359,1162,764,1041,1035,1428,291,249,321,753,306,510,421,610,209,265,69,204,189,144,37,2
92,3,11765,1453,1273,796,1122,1036,1361,267,251,391,796,349,524,395,617,215,277,63,254,171,127,25,2
92,4,11242,1420,1150,793,1006,1009,1361,293,232,351,684,374,479,383,610,165,278,58,233,194,126,37,6
92,5,11251,1384,1267,743,1101,967,1326,281,273,331,694,347,515,356,597,192,293,67,213,140,130,30,4
92,6,10493,1288,1214,670,937,946,1286,247,226,300,626,300,496,348,617,187,232,73,192,154,134,18,2
92,7,11269,1428,1212,737,1038,1045,1394,268,221,327,715,348,504,360,613,212,267,54,201,146,145,33,1
92,8,9373,1190,986,587,853,900,1174,226,172,278,604,292,427,331,466,169,218,48,181,139,105,24,3
92,9,10507,1304,1073,659,1009,1005,1297,247,219,318,649,305,482,352,596,192,230,70,198,148,118,32,4
92,10,10703,1347,1056,726,1006,959,1309,261,211,299,683,364,486,399,600,199,255,51,193,144,122,27,6
92,11,9680,1201,991,631,955,875,1200,219,218,270,632,299,421,329,551,145,233,57,160,158,111,23,1
92,12,11885,1406,1221,829,1070,1137,1453,258,228,352,740,359,570,423,651,211,294,84,227,201,134,29,8
93,1,11168,1287,1162,728,1016,1043,1426,277,205,367,712,361,540,401,609,200,254,73,221,134,116,32,4
93,2,12849,1608,1306,900,1179,1163,1549,297,288,390,771,393,612,454,639,209,301,104,254,210,173,45,4
93,3,12742,1516,1340,820,1200,1153,1501,316,275,372,839,385,610,454,674,239,287,88,244,202,178,45,4
93,4,11297,1402,1186,776,1078,1018,1282,254,239,333,734,350,531,392,618,208,238,63,214,202,140,35,4
93,5,10369,1219,1102,677,961,886,1299,258,247,328,616,316,493,371,589,169,251,68,194,169,127,26,3
93,6,10504,1288,1083,722,1004,949,1252,260,240,345,621,315,460,381,565,180,223,67,211,158,156,16,8
93,7,10695,1370,1149,699,1020,982,1197,263,216,351,614,329,474,386,605,181,255,68,215,151,133,34,3
93,8,10853,1244,1032,698,1020,1071,1408,265,230,342,706,330,466,363,586,211,284,72,206,153,122,42,2
93,9,10734,1319,1139,702,969,1024,1363,231,233,338,638,311,545,377,579,206,223,53,185,146,126,23,4
93,10,10874,1293,1154,744,1002,958,1321,246,252,334,676,343,502,400,629,187,240,61,211,188,102,27,4
93,11,11502,1453,1171,791,1060,1025,1439,236,265,344,694,335,565,424,645,188,279,70,186,165,142,21,4
93,12,11505,1387,1192,824,1087,991,1450,258,231,329,733,343,555,412,616,204,278,56,216,172,139,26,6
94,1,12138,1507,1203,813,1132,1134,1440,296,269,368,773,366,581,431,685,194,285,67,246,198,114,34,2
94,2,10258,1280,1035,743,956,903,1245,230,230,344,620,302,456,347,586,183,275,58,191,134,107,29,4
94,3,14592,1776,1529,1070,1387,1398,1705,309,327,452,913,453,638,508,768,252,297,71,291,221,164,58,5
94,4,11442,1387,1147,849,1056,1045,1382,244,259,336,775,334,488,395,623,195,279,54,233,184,132,39,6
94,5,11833,1400,1248,772,1127,1114,1428,305,267,372,742,355,539,389,627,189,273,66,241,201,138,32,8
94,6,11063,1398,1182,767,977,1022,1335,270,236,366,691,316,460,385,580,189,250,59,216,182,138,39,5
94,7,11097,1312,1158,745,1024,1054,1413,221,240,338,702,316,518,400,610,197,254,54,204,161,134,40,2
94,8,11840,1422,1232,775,1043,1132,1513,281,271,366,725,350,563,397,649,195,287,70,214,179,137,35,4
94,9,11231,1332,1181,703,1052,1009,1430,277,246,315,731,329,529,369,587,218,284,63,229,178,126,38,5
94,10,10684,1307,1085,706,1053,991,1312,256,244,304,627,305,531,363,615,186,242,52,182,163,127,31,2
94,11,11167,1404,1263,686,1040,1038,1317,261,258,336,652,321,519,415,624,203,241,64,188,172,138,22,5
94,12,12053,1453,1253,794,1153,1113,1454,271,257,360,792,363,558,466,613,228,283,74,205,182,152,23,6
95,1,11021,1319,1133,753,1030,1005,1354,291,252,348,687,336,545,378,574,205,237,65,194,175,114,25,1
95,2,12214,1472,1241,825,1212,1174,1488,283,226,381,759,346,581,443,627,186,275,69,236,184,153,47,6
95,3,12832,1597,1367,834,1192,1182,1556,318,282,400,819,367,581,425,690,189,311,88,220,218,141,45,10
95,4,10658,1296,1089,749,1072,1011,1286,246,228,333,648,361,493,363,565,163,220,69,197,127,108,30,4
95,5,11314,1415,1179,773,1050,1011,1423,262,255,332,730,349,557,395,557,178,236,59,196,204,115,35,3
95,6,11376,1413,1220,732,1094,997,1363,254,251,341,752,354,494,369,622,216,277,77,205,175,135,32,3
95,7,11320,1318,1141,742,1114,1060,1443,237,251,346,773,334,513,367,605,214,256,64,207,160,133,41,1
95,8,11354,1377,1139,820,1033,1094,1398,258,263,326,671,350,527,403,612,189,259,71,236,156,134,36,2
95,9,10357,1222,1018,740,918,989,1343,267,233,336,638,314,478,336,562,176,241,43,166,171,123,39,4
95,10,11316,1370,1204,765,1057,1033,1388,255,233,354,748,306,543,378,596,200,273,68,204,167,129,42,3
95,11,11192,1354,1165,745,1095,1004,1405,266,241,354,715,363,524,353,601,162,252,50,212,153,135,38,5
95,12,10885,1331,1115,737,1047,1012,1392,280,220,328,638,310,492,398,572,189,228,59,216,157,129,32,3
96,1,13374,1629,1376,900,1257,1253,1621,312,286,421,883,402,618,437,676,253,308,84,258,203,156,38,3
96,2,10218,1190,1058,674,991,966,1278,252,190,336,576,328,496,359,551,197,212,58,204,163,105,33,1
96,3,13890,1692,1457,998,1378,1243,1701,338,305,437,848,418,632,452,740,205,288,73,270,205,155,50,5
96,4,11679,1475,1311,829,1062,1014,1435,251,236,380,713,383,548,403,574,156,260,81,196,203,127,34,8
96,5,12083,1538,1238,823,1123,1088,1432,253,271,391,768,370,533,410,663,208,278,64,246,191,156,36,3
96,6,10583,1355,1189,692,1053,980,1248,238,227,302,661,322,451,357,485,165,238,52,222,172,127,45,2
96,7,11870,1497,1261,794,1111,1051,1425,249,231,359,750,344,561,415,635,230,281,67,232,188,151,35,3
96,8,11493,1463,1210,780,1142,1071,1408,254,221,325,687,359,509,353,608,203,254,66,207,197,140,32,4
96,9,10238,1289,1014,692,973,915,1350,249,204,312,658,308,480,334,549,176,221,58,163,150,112,27,4
96,10,12260,1520,1248,822,1167,1117,1511,315,291,367,768,385,582,424,634,194,312,68,206,167,135,25,2
96,11,11510,1404,1254,725,1073,1050,1403,272,247,358,727,350,554,394,603,204,272,61,197,202,124,33,3
96,12,11913,1529,1255,778,1157,1071,1458,322,269,365,729,343,536,382,667,178,293,57,201,161,135,24,3
97,1,12897,1633,1357,914,1265,1173,1487,345,308,398,797,360,593,451,673,185,280,66,242,162,167,36,5
97,2,12805,1595,1326,876,1167,1214,1535,309,308,414,801,375,579,468,651,205,298,75,241,195,141,27,5
97,3,13378,1699,1509,906,1327,1208,1615,307,303,383,781,408,582,476,632,230,268,83,258,227,129,46,1
97,4,12195,1490,1322,859,1172,1097,1449,291,270,387,790,357,539,415,650,175,277,71,216,172,145,46,5
97,5,11594,1488,1323,789,1110,1026,1390,257,247,350,711,336,494,380,594,184,262,72,224,199,114,41,3
97,6,11104,1447,1231,796,1065,988,1333,265,238,335,637,311,511,391,561,148,249,53,204,170,139,29,3
97,7,11696,1453,1264,783,1135,1041,1477,264,246,332,658,353,559,374,645,191,242,70,235,208,136,28,2
97,8,10782,1370,1184,694,1017,964,1334,249,248,337,661,333,490,349,571,167,238,72,203,152,120,26,3
97,9,11245,1364,1191,731,1102,1029,1460,275,255,297,682,358,502,357,650,168,260,40,197,174,119,31,3
97,10,12040,1488,1316,782,1182,1099,1478,315,273,328,778,376,510,412,605,196,245,52,231,179,154,35,6
97,11,10487,1256,1165,664,1002,971,1287,225,235,298,656,294,489,410,585,143,247,55,176,168,136,23,2
97,12,13401,1599,1418,883,1282,1230,1672,339,347,396,802,430,628,481,706,208,304,56,220,194,160,42,4
98,1,9689,1193,1015,672,920,922,1157,218,218,292,581,296,470,319,514,149,210,47,169,170,117,37,3
98,2,15877,1957,1649,1128,1534,1464,2015,378,370,495,988,472,674,517,820,237,324,78,292,246,194,40,5
98,3,12635,1595,1331,924,1247,1095,1511,261,316,359,779,413,570,406,652,209,298,58,224,196,153,34,4
98,4,11953,1578,1302,839,1175,1000,1424,269,259,359,785,343,539,359,595,190,251,68,228,186,150,49,5
98,5,10327,1295,1131,663,1047,924,1256,276,213,340,614,329,462,329,503,160,224,59,176,169,119,35,3
98,6,12422,1595,1393,798,1201,1131,1566,293,262,387,740,380,558,399,613,186,252,80,208,186,149,43,2
98,7,11609,1420,1338,850,1100,1017,1387,271,273,324,695,343,531,390,603,200,250,63,220,173,111,49,1
98,8,11824,1409,1217,740,1096,1058,1936,235,225,319,735,330,485,412,586,187,280,63,199,159,118,29,6
98,9,11610,1469,1234,744,1043,1106,1486,256,230,353,701,306,548,414,591,191,265,77,206,173,176,38,3
98,10,11476,1444,1174,775,1075,1007,1486,254,276,337,702,341,515,422,615,200,236,53,206,182,134,36,6
98,11,11450,1404,1147,816,1141,1081,1427,283,252,339,703,327,509,371,606,184,246,49,218,172,136,36,3
98,12,12710,1600,1329,841,1226,1185,1538,307,280,378,772,371,585,421,689,219,263,61,231,200,164,45,5
99,1,12496,1588,1334,897,1273,1095,1472,282,279,360,810,370,612,429,645,195,229,55,204,190,140,32,5
99,2,11150,1368,1193,797,1092,1023,1346,272,277,352,656,356,464,403,549,175,232,74,195,176,120,28,2
99,3,13943,1791,1454,957,1346,1261,1687,320,339,452,879,425,587,430,707,221,293,81,254,229,166,56,8
99,4,12125,1510,1338,857,1253,1018,1432,311,270,357,763,348,530,420,618,204,254,81,211,174,133,41,2
99,5,11379,1455,1204,813,1127,1006,1373,246,278,364,726,343,459,387,550,180,260,56,214,176,123,33,6
99,6,11714,1542,1265,806,1160,1050,1429,270,289,299,715,320,490,381,591,185,260,69,227,168,155,40,3
99,7,12259,1531,1334,870,1216,1116,1528,256,251,362,774,359,531,415,618,200,230,71,233,180,153,27,4
99,8,12184,1539,1236,816,1169,1170,1607,271,281,333,711,329,540,378,663,166,279,88,229,171,159,45,4
99,9,11722,1435,1206,753,1132,1095,1517,284,277,369,692,387,484,399,625,170,244,63,203,187,154,42,4
99,10,11469,1472,1196,767,1105,1048,1461,262,249,335,691,321,500,392,578,195,255,75,211,154,152,45,5
99,11,12444,1576,1326,905,1199,1139,1506,295,303,347,737,335,532,477,624,182,272,67,243,179,153,44,3
99,12,12887,1597,1312,945,1268,1185,1643,299,290,372,780,361,550,459,642,203,291,68,241,196,135,48,2
100,1,14313,1824,1531,1037,1395,1325,1750,311,347,446,877,424,587,439,731,199,284,93,251,226,188,47,1
100,2,12783,1656,1385,962,1298,1202,1527,294,306,403,754,388,483,416,590,213,247,72,202,179,145,59,2
100,3,16007,2121,1724,1223,1519,1413,1878,376,369,502,946,480,659,562,777,212,313,100,319,262,181,67,4
100,4,13306,1747,1431,988,1343,1162,1576,304,344,410,795,374,588,421,655,220,247,87,231,205,129,42,7
100,5,12905,1684,1294,911,1251,1108,1645,306,285,395,815,388,565,417,642,213,297,66,233,202,148,37,3
100,6,12098,1496,1276,845,1188,1121,1564,268,256,368,753,360,503,402,624,167,244,81,211,189,133,47,2
100,7,11141,1386,1200,738,1085,1058,1391,235,216,343,666,370,441,386,569,180,235,57,203,180,141,53,8
100,8,12287,1621,1273,855,1138,1076,1555,275,282,323,740,366,574,405,651,213,263,65,228,196,146,39,3
100,9,11660,1503,1176,760,1112,1099,1464,286,262,339,751,348,483,390,641,187,261,72,186,151,139,46,4
100,10,11581,1538,1156,837,1129,1053,1469,267,241,320,729,333,504,367,633,167,230,74,200,159,122,45,8
100,11,12109,1562,1245,821,1195,1114,1469,280,282,328,742,367,536,390,684,169,247,76,240,191,126,39,6
100,12,12725,1636,1297,901,1262,1210,1557,288,268,348,781,380,555,450,676,189,269,67,221,199,141,29,1
101,1,12991,1639,1419,904,1276,1226,1576,301,301,410,765,360,587,416,654,197,263,77,222,200,142,54,2
101,2,14318,1852,1535,1079,1449,1282,1756,310,302,455,875,401,655,486,661,220,277,83,226,217,146,49,2
101,3,14487,1911,1573,1109,1410,1241,1720,287,309,456,933,437,623,475,676,209,289,83,273,248,163,57,5
101,4,12919,1738,1387,952,1283,1158,1604,287,304,369,799,346,521,436,622,210,260,70,212,209,111,35,6
101,5,13120,1662,1362,980,1267,1148,1643,297,305,389,804,431,592,432,665,196,250,79,230,193,142,49,4
101,6,11719,1519,1291,813,1120,1017,1421,250,272,341,721,381,506,384,618,171,265,59,198,183,148,40,1
101,7,13576,1858,1476,962,1335,1266,1634,312,277,347,843,396,569,429,674,206,265,69,240,202,153,59,4
101,8,12726,1683,1375,873,1241,1174,1589,272,291,373,753,368,507,412,678,210,255,62,233,177,152,44,4
101,9,11359,1483,1185,788,1054,983,1519,239,222,331,740,344,496,381,601,171,242,50,179,179,134,35,3
101,10,13107,1710,1424,894,1272,1196,1618,322,299,379,769,372,539,447,671,229,286,66,228,194,134,55,3
101,11,12086,1609,1274,807,1156,1085,1480,291,241,370,711,346,568,362,635,197,281,66,234,170,155,45,3
101,12,11843,1616,1278,816,1154,1095,1385,308,267,312,657,360,517,427,572,209,234,64,206,195,120,49,2
102,1,15352,2029,1584,1030,1492,1451,1876,333,329,490,962,475,662,519,750,220,311,68,266,281,168,53,3
102,2,11838,1541,1258,817,1124,1113,1488,258,286,335,724,339,506,380,564,187,222,68,225,208,153,40,2
102,3,13708,1959,1493,1012,1286,1188,1604,285,327,453,803,407,590,430,667,198,263,80,232,208,169,49,5
102,4,13176,1767,1405,969,1276,1185,1528,292,275,430,782,376,582,450,659,192,289,52,241,229,136,55,6
102,5,12973,1777,1366,895,1217,1161,1548,282,316,380,768,393,590,433,676,210,264,62,241,185,156,45,8
102,6,11499,1501,1211,774,1176,1032,1459,264,270,347,635,339,458,379,580,176,252,56,199,199,148,39,5
102,7,13618,1725,1368,964,1333,1258,1701,366,290,418,825,378,631,432,661,197,296,65,255,234,169,41,11
102,8,12063,1617,1225,849,1273,978,1517,273,309,326,706,346,544,382,583,183,258,89,225,216,126,30,8
102,9,12365,1599,1313,864,1160,1130,1588,264,253,349,757,385,561,437,575,202,246,62,230,197,146,40,7
102,10,13253,1835,1356,926,1307,1200,1709,299,280,383,748,408,562,430,629,211,282,65,243,170,155,53,2
102,11,12218,1602,1320,867,1165,1067,1537,286,275,382,745,353,490,397,610,191,266,62,205,199,144,50,5
102,12,13845,1794,1480,1005,1329,1258,1722,329,305,377,843,418,649,458,650,190,275,57,268,207,181,49,1
103,1,13935,1910,1436,1004,1339,1259,1722,353,322,407,824,441,559,474,673,213,281,71,235,193,167,45,7
103,2,15349,2031,1626,1126,1476,1403,1817,368,333,472,864,448,701,544,736,230,311,88,261,250,193,62,9
103,3,15465,2104,1699,1173,1468,1263,1836,346,394,515,939,448,662,519,730,221,306,73,295,235,176,58,5
103,4,14114,1977,1536,1004,1362,1186,1685,298,319,440,837,394,634,511,695,230,261,71,217,230,169,53,5
103,5,13187,1765,1397,986,1282,1197,1640,299,304,362,741,411,566,447,647,167,249,79,241,198,141,59,9
103,6,12664,1660,1286,885,1267,1096,1584,274,276,350,774,368,590,471,595,176,263,67,257,199,166,55,5
103,7,14090,1795,1392,1041,1388,1316,1713,325,287,383,893,409,645,498,722,193,287,100,260,223,159,55,6
103,8,12397,1704,1322,877,1215,1037,1618,279,261,386,724,342,527,387,626,194,242,79,197,186,138,54,2
103,9,13421,1774,1347,965,1301,1210,1716,324,294,394,823,375,560,442,654,208,299,84,246,209,149,45,2
103,10,13236,1756,1392,929,1294,1187,1637,301,263,384,839,393,569,427,660,219,290,75,209,205,159,44,4
103,11,11462,1533,1196,797,1112,974,1450,265,266,309,685,310,458,390,628,211,224,63,209,184,149,46,3
103,12,14609,1926,1548,1067,1464,1262,1864,343,320,432,821,407,644,481,733,239,309,61,240,229,154,59,6
104,1,14310,1976,1454,1036,1362,1271,1725,327,319,456,862,403,593,489,708,215,318,76,232,219,198,64,7
104,2,12122,1644,1278,817,1190,998,1533,305,270,370,786,349,557,415,588,174,223,59,205,175,128,55,3
104,3,16092,2250,1745,1170,1556,1318,1968,335,372,475,965,469,639,558,789,229,310,88,289,271,208,81,7
104,4,14002,1972,1514,1010,1356,1113,1658,337,330,419,840,419,590,440,702,238,264,92,272,212,167,55,2
104,5,12802,1799,1310,952,1228,1074,1569,306,255,383,789,408,523,428,599,181,257,71,244,191,169,63,3
104,6,13712,1815,1377,946,1323,1206,1811,259,300,403,852,389,559,493,716,220,267,72,232,220,182,67,3
104,7,14475,1959,1521,1030,1478,1227,1825,319,281,376,921,403,651,458,682,212,306,95,270,215,176,68,2
104,8,12586,1638,1322,821,1272,1127,1571,265,265,344,802,392,536,429,678,185,269,67,191,191,164,53,4
104,9,12527,1637,1286,866,1248,1216,1605,288,276,348,696,395,494,432,639,159,243,77,193,217,146,61,5
104,10,13794,1817,1494,990,1312,1251,1734,340,270,389,915,402,571,431,650,205,256,65,228,229,167,72,6
104,11,13010,1775,1358,945,1288,1140,1670,314,266,391,742,362,564,401,657,177,246,65,236,209,147,54,3
104,12,14426,1893,1447,1017,1457,1390,1839,338,315,393,869,394,589,449,706,226,317,92,237,220,172,57,9
105,1,14292,1973,1448,1006,1451,1257,1752,328,307,451,831,397,601,471,767,205,270,86,238,217,174,57,5
105,2,15441,2093,1608,1124,1513,1438,1894,333,347,458,937,483,623,512,728,207,305,78,263,265,168,56,8
105,3,18918,2531,1995,1523,1879,1608,2280,375,451,564,1159,572,745,594,865,287,387,122,360,282,240,94,5
105,4,14520,2031,1540,1099,1377,1237,1722,359,325,468,900,409,599,469,703,194,270,75,252,242,172,72,5
105,5,14238,1947,1557,1043,1320,1279,1714,296,306,420,910,400,562,510,696,216,266,78,244,237,171,60,6
105,6,13445,1823,1396,908,1340,1182,1709,278,283,400,780,376,562,451,713,210,270,82,221,207,185,66,3
105,7,13021,1672,1297,948,1276,1137,1708,286,281,373,795,375,583,432,710,226,265,69,215,177,142,52,2
105,8,14195,1850,1538,1005,1461,1273,1766,321,325,421,859,386,582,470,699,208,283,64,228,210,170,71,5
105,9,12829,1700,1332,905,1255,1097,1661,304,262,399,785,378,528,409,669,198,250,78,220,201,136,58,4
105,10,13676,1813,1382,1018,1336,1230,1753,311,296,362,822,369,607,463,656,210,278,86,241,217,165,55,6
105,11,13663,1921,1419,1020,1332,1212,1668,283,308,384,799,367,610,475,654,198,288,78,217,211,171,45,3
105,12,14167,1902,1470,1038,1381,1284,1738,313,306,389,807,439,630,478,684,223,281,78,241,249,171,62,3
106,1,12835,1716,1331,914,1248,1125,1587,351,264,357,827,344,580,459,616,183,244,68,201,197,159,61,3
106,2,14865,2035,1537,1090,1419,1286,1846,347,302,425,948,439,649,445,755,204,290,69,284,231,185,76,3
106,3,17391,2353,1834,1370,1658,1469,2160,390,390,553,1092,501,721,563,828,224,331,83,307,285,192,83,4
106,4,13110,1963,1322,970,1276,1030,1568,317,302,400,833,337,540,387,689,204,260,54,231,220,141,59,7
106,5,13914,1891,1398,994,1381,1274,1662,332,295,434,859,405,596,471,705,184,269,60,228,243,169,56,8
106,6,14453,1988,1451,1081,1426,1340,1798,343,284,379,855,424,637,465,719,192,287,77,246,227,164,63,7
106,7,14479,1998,1483,1068,1453,1215,1832,356,303,415,858,414,638,445,669,231,293,91,265,211,165,69,7
106,8,15580,2194,1563,1088,1600,1426,2038,345,319,435,922,419,644,457,817,221,279,81,246,242,175,65,4
106,9,13436,1794,1393,966,1363,1251,1735,281,251,374,792,365,585,460,713,182,268,63,232,168,139,58,3
106,10,13710,1792,1358,1062,1364,1172,1780,297,309,366,859,394,614,469,718,174,246,68,228,205,164,65,6
106,11,13632,1880,1352,1026,1302,1203,1680,315,323,416,777,426,566,461,744,194,249,58,225,214,162,54,5
106,12,13837,1921,1445,991,1414,1205,1682,333,299,417,839,422,554,459,640,186,274,75,221,218,176,59,7
107,1,16761,2364,1770,1248,1600,1454,2074,405,369,509,998,479,731,515,812,209,339,94,293,222,202,68,6
107,2,14493,2021,1445,1011,1466,1265,1724,328,320,435,943,388,659,500,711,195,307,78,252,216,156,65,8
107,3,17200,2418,1888,1294,1670,1518,2084,390,389,483,1061,475,715,543,742,219,319,79,314,296,213,84,6
107,4,13988,1914,1418,1038,1399,1216,1727,309,308,403,890,404,570,449,690,174,299,78,246,228,175,48,5
107,5,14328,2073,1492,1087,1361,1258,1777,325,300,397,835,384,630,460,696,190,303,68,240,213,175,63,1
107,6,13043,1776,1347,927,1348,1131,1675,284,254,352,788,395,542,411,643,185,253,68,228,204,179,50,3
107,7,14372,1903,1513,1067,1427,1244,1825,323,299,409,896,427,586,492,675,205,304,66,242,228,158,78,5
107,8,14162,1920,1466,1094,1416,1235,1718,315,308,419,882,410,634,452,676,177,286,89,238,212,154,60,1
107,9,12886,1727,1302,943,1264,1204,1682,312,255,364,729,355,543,406,645,186,258,68,221,178,178,59,7
107,10,14922,2056,1527,1095,1523,1362,1918,332,313,427,889,386,585,480,698,209,314,83,268,228,172,51,6
107,11,13680,1943,1421,1013,1356,1190,1679,294,304,419,814,398,512,436,647,189,272,76,247,217,190,56,7
107,12,12949,1814,1313,1021,1260,1118,1613,286,308,378,786,337,557,393,610,167,262,62,242,200,150,63,9
108,1,16622,2304,1773,1228,1636,1436,2029,416,345,473,1070,460,686,557,772,222,319,91,300,268,159,75,3
108,2,13352,1870,1367,972,1368,1169,1668,317,309,376,790,348,569,391,637,190,247,77,222,243,153,64,5
108,3,15171,2133,1626,1155,1511,1262,1885,341,332,407,900,437,602,508,713,228,281,81,279,238,166,79,7
108,4,14996,2115,1594,1151,1427,1349,1833,301,351,427,893,430,607,487,695,230,276,98,262,216,175,76,3
108,5,14655,2040,1537,1094,1529,1291,1756,333,311,408,880,445,621,428,703,207,272,93,241,242,148,71,5
108,6,13302,1965,1304,1019,1364,1163,1608,295,294,395,800,402,501,404,608,169,232,72,265,209,169,58,6
108,7,15854,2281,1581,1127,1613,1404,2013,338,324,467,909,427,685,504,766,197,301,80,286,280,207,60,4
108,8,13983,2019,1379,1065,1376,1228,1714,337,275,408,888,338,578,449,697,189,258,59,276,208,169,65,8
108,9,13866,1861,1261,979,1491,1292,1869,312,279,409,788,380,606,457,695,189,254,72,210,207,190,62,3
108,10,15350,2280,1618,1211,1488,1311,1845,325,327,464,876,435,608,496,716,215,299,83,279,221,171,72,10
108,11,13739,2014,1407,1052,1368,1231,1715,311,288,382,831,384,512,409,665,182,258,58,265,210,145,48,4
108,12,15406,2190,1579,1145,1546,1334,1886,365,344,449,951,432,642,478,726,203,283,80,263,247,197,66,0
109,1,14673,2068,1479,1148,1507,1314,1845,336,340,393,854,372,586,493,685,173,291,93,236,214,176,64,6
109,2,16211,2259,1611,1235,1590,1501,2051,337,385,463,969,467,648,518,756,218,292,84,292,259,188,83,5
109,3,16083,2256,1601,1227,1663,1365,2038,355,367,519,976,446,640,457,774,220,288,74,301,243,194,68,11
109,4,14423,1987,1493,1177,1481,1248,1706,300,335,425,854,391,640,436,708,202,264,78,243,206,170,73,6
109,5,13272,1841,1377,985,1312,1120,1677,276,296,368,843,354,568,442,643,160,235,76,240,212,175,66,6
109,6,13893,1992,1382,1068,1339,1256,1754,325,326,379,814,377,563,432,705,179,266,88,246,171,173,53,5
109,7,14533,2042,1408,1106,1497,1291,1819,343,293,445,890,390,578,450,692,220,255,82,269,216,192,50,5
109,8,13301,1892,1250,977,1367,1208,1730,329,268,384,807,341,558,412,651,174,233,67,228,216,140,63,6
109,9,13876,1984,1367,1024,1388,1212,1784,315,301,379,838,412,594,426,649,197,270,81,222,212,152,62,7
109,10,13542,1922,1375,1027,1375,1211,1629,295,299,375,805,380,573,442,681,169,263,69,224,219,148,56,5
109,11,14141,2060,1351,1075,1410,1288,1832,297,303,424,791,383,549,445,678,198,271,80,239,205,192,66,4
109,12,15208,2197,1518,1131,1577,1313,1847,378,284,456,951,424,587,473,774,196,244,85,275,230,198,65,5
110,1,16332,2376,1630,1210,1635,1489,2114,362,341,496,968,452,627,505,786,207,294,106,273,224,177,56,4
110,2,14856,2105,1461,1174,1480,1295,1806,338,343,438,877,418,644,473,744,201,291,71,255,218,170,49,5
110,3,16438,2333,1704,1307,1605,1407,2047,396,345,496,963,458,642,515,795,219,301,83,290,271,188,65,8
110,4,14276,2083,1432,1100,1482,1229,1739,346,311,410,831,412,551,481,685,179,219,79,264,191,182,62,8
110,5,15108,2189,1483,1113,1604,1316,1943,328,326,429,894,422,631,445,695,216,260,87,251,238,167,65,6
110,6,16639,2687,1899,1283,1579,1321,2004,360,362,475,981,452,653,497,737,196,281,88,294,230,198,59,3
110,7,15523,2447,1746,1159,1541,1251,1882,352,347,432,914,434,604,487,692,199,265,71,273,199,152,74,2
110,8,14952,2272,1464,1056,1492,1343,1870,349,334,455,902,392,595,479,658,223,289,65,249,222,168,69,6
110,9,13894,2001,1355,1057,1463,1243,1771,296,279,422,803,365,556,455,638,147,225,81,258,238,164,66,11
110,10,14415,2015,1359,1147,1494,1257,1842,318,302,430,884,403,578,461,679,177,241,88,278,236,156,64,6
110,11,15560,2214,1536,1286,1529,1379,1972,345,334,456,945,438,624,481,685,235,247,91,279,233,186,59,6
110,12,15739,2342,1554,1266,1542,1389,1936,349,336,417,887,461,631,493,783,207,316,81,281,240,165,59,4
111,1,15954,2370,1645,1250,1556,1403,1965,345,335,444,961,409,702,501,733,177,297,84,305,222,180,67,3
111,2,14887,2137,1422,1224,1500,1318,1850,332,334,431,885,408,593,478,701,203,263,82,280,222,149,70,5
111,3,18239,2586,1835,1435,1807,1590,2222,392,412,524,1183,492,781,557,839,226,323,97,319,286,239,88,6
111,4,14655,2211,1418,1154,1460,1252,1783,324,333,450,869,432,627,430,656,199,254,75,261,227,169,65,6
111,5,17409,2823,1797,1359,1697,1448,2051,406,356,501,985,459,716,502,808,249,326,88,346,233,176,75,8
111,6,21033,3149,2149,1609,2083,1759,2614,460,452,600,1211,642,828,659,1029,287,364,105,385,327,224,93,4
111,7,18215,2504,1694,1272,1806,1723,2356,389,405,533,1205,534,773,594,901,213,298,93,326,279,225,82,10
111,8,17830,2602,1784,1304,1809,1542,2198,378,421,526,1054,539,719,590,816,258,344,90,311,270,191,79,5
111,9,16505,2348,1713,1244,1662,1424,2024,364,348,496,1013,469,690,518,753,221,315,90,306,238,192,70,7
111,10,17099,2541,1716,1256,1781,1480,2068,390,361,483,1063,492,698,570,784,200,306,79,308,244,202,71,6
111,11,17719,2675,1843,1348,1761,1513,2159,435,403,478,1047,503,722,523,817,208,298,85,340,261,217,70,13
111,12,17685,2587,1767,1336,1828,1456,2172,414,422,518,1091,458,730,562,821,228,343,101,311,254,210,70,6
112,1,17770,2639,1782,1370,1821,1485,2273,391,382,562,1033,517,706,563,802,196,320,85,318,255,193,71,6
112,2,18506,2772,1942,1519,1860,1585,2180,409,406,547,1107,496,709,585,837,240,312,84,320,279,220,92,5
112,3,20572,3020,2051,1669,2039,1763,2560,455,450,625,1269,567,795,655,898,261,360,98,378,313,230,109,7
112,4,15572,2322,1541,1261,1533,1334,1914,350,350,483,947,418,621,494,711,199,247,99,277,217,165,80,9
112,5,17530,2491,1740,1354,1793,1461,2140,391,403,534,1063,476,713,546,852,249,325,117,321,275,207,75,4
112,6,17415,2560,1737,1330,1722,1601,2205,413,378,495,1073,463,678,450,841,231,279,110,297,257,206,82,7
112,7,17992,2552,1786,1336,1812,1562,2216,375,397,499,1139,467,777,566,896,242,346,108,339,274,220,80,3
112,8,17139,2398,1650,1343,1808,1557,2117,379,381,490,981,480,696,536,808,230,317,119,314,271,181,78,5
112,9,14610,2121,1438,1109,1450,1266,1881,337,295,433,835,414,607,426,678,192,289,69,259,230,191,79,11
112,10,16594,2428,1547,1292,1706,1493,2161,330,376,473,1013,413,670,492,745,217,323,88,294,249,193,87,4
112,11,15965,2314,1576,1258,1570,1431,1983,365,338,441,945,430,621,503,748,207,329,92,304,238,192,74,6
112,12,15703,2341,1567,1262,1670,1390,1946,345,348,432,956,394,578,486,721,183,261,66,274,233,175,69,6
113,1,19464,3018,1884,1516,1971,1667,2349,422,412,550,1189,575,762,642,847,235,355,94,363,280,243,85,5
113,2,17462,2636,1685,1432,1768,1499,2158,399,406,494,1013,462,725,525,776,194,340,86,327,255,204,71,7
113,3,17566,2647,1792,1440,1759,1429,2100,374,403,533,987,468,707,535,823,226,314,71,366,309,192,83,8
113,4,16654,2468,1695,1334,1719,1345,2055,365,370,438,997,453,676,550,772,189,317,80,276,246,215,87,7
113,5,16416,2431,1670,1266,1654,1408,2087,382,336,465,958,425,705,530,728,213,297,87,282,248,162,76,6
113,6,14922,2219,1432,1223,1502,1276,1878,296,342,421,911,400,599,497,632,195,294,77,276,193,187,67,5
113,7,18702,2736,1760,1455,1965,1622,2343,437,414,556,1108,468,725,624,890,258,360,127,322,262,190,73,7
113,8,16830,2500,1623,1327,1639,1531,2130,364,380,462,956,438,674,514,860,217,282,113,281,220,221,91,7
113,9,15563,2221,1479,1219,1582,1433,2048,348,353,420,926,425,592,459,712,179,276,82,287,232,202,83,5
113,10,15451,2358,1532,1158,1594,1304,1963,332,301,443,887,408,635,496,742,210,257,64,285,209,205,64,4
